{"0141":"A",
"0142":"B",
"0143":"C",
"0144":"D",
"0145":"E",
"0146":"F",
"0147":"G",
"0148":"H",
"0149":"I",
"014a":"J",
"014b":"K",
"014c":"L",
"014d":"M",
"014e":"N",
"014f":"O",
"0150":"P",
"0151":"Q",
"0152":"R",
"0153":"S",
"0154":"T",
"0155":"U",
"0156":"V",
"0157":"W",
"0158":"X",
"0159":"Y",
"015a":"Z",
"0161":"a",
"0162":"b",
"0163":"c",
"0164":"d",
"0165":"e",
"0166":"f",
"0167":"g",
"0168":"h",
"0169":"i",
"016a":"j",
"016b":"k",
"016c":"l",
"016d":"m",
"016e":"n",
"016f":"o",
"0170":"p",
"0171":"q",
"0172":"r",
"0173":"s",
"0174":"t",
"0175":"u",
"0176":"v",
"0177":"w",
"0178":"x",
"0179":"y",
"017a":"z",
"01c7":"Latin Ccedille",
"01e7":"Latin ccedille",
"4141":"A",
"4142":"B",
"4143":"C",
"4144":"D",
"4145":"E",
"4146":"F",
"4147":"G",
"4148":"H",
"4149":"I",
"414a":"J",
"414b":"K",
"414c":"L",
"414d":"M",
"414e":"N",
"414f":"O",
"4150":"P",
"4151":"Q",
"4152":"R",
"4153":"S",
"4154":"T",
"4155":"U",
"4156":"V",
"4157":"W",
"4158":"X",
"4159":"Y",
"415a":"Z",
"4161":"a",
"4162":"b",
"4163":"c",
"4164":"d",
"4165":"e",
"4166":"f",
"4167":"g",
"4168":"h",
"4169":"i",
"416a":"j",
"416b":"k",
"416c":"l",
"416d":"m",
"416e":"n",
"416f":"o",
"4170":"p",
"4171":"q",
"4172":"r",
"4173":"s",
"4174":"t",
"4175":"u",
"4176":"v",
"4177":"w",
"4178":"x",
"4179":"y",
"417a":"z",
"41c7":"Latin Ccedille",
"41e7":"Latin ccedille",
"0130":"0",
"0131":"1",
"0132":"2",
"0133":"3",
"0134":"4",
"0135":"5",
"0136":"6",
"0137":"7",
"0138":"8",
"0139":"9",
"4131":"1",
"4132":"2",
"4133":"3",
"4134":"4",
"4135":"5",
"4136":"6",
"4137":"7",
"4138":"8",
"4139":"9",
"6130":"0",
"6131":"1",
"6132":"2",
"6133":"3",
"6134":"4",
"6135":"5",
"6136":"6",
"6137":"7",
"6138":"8",
"6139":"9",
"01c0":"Latin Agrave",
"01c1":"Latin Aacute",
"01c2":"Latin Ahat",
"01c3":"Latin Atilde",
"01c4":"Latin Addot",
"01c5":"Latin Acirc",
"01c8":"Latin Egrave",
"01c9":"Latin Eacute",
"01ca":"Latin Ehat",
"01cb":"Latin Eumlaut",
"01cc":"Latin Igrave",
"01cd":"Latin Iacute",
"01ce":"Latin Ihat",
"01cf":"Latin Iumlaut",
"01d1":"Latin Ntilde",
"01d2":"Latin Ograve",
"01d3":"Latin Oacute",
"01d4":"Latin Ohat",
"01d5":"Latin Otilde",
"01d6":"Latin Oumlaut",
"01d9":"Latin Ugrave",
"01da":"Latin Uacute",
"01db":"Latin Uhat",
"01dc":"Latin Uumlaut",
"01dd":"Latin Yacute",
"01df":"Latin ss",
"01e0":"Latin agrave",
"01e1":"Latin aacute",
"01e2":"Latin ahat",
"01e3":"Latin atilde",
"01e4":"Latin aumlaut",
"01e5":"Latin acirc",
"01e8":"Latin egrave",
"01e9":"Latin eacute",
"01ea":"Latin ehat",
"01eb":"Latin eumlaut",
"01ec":"Latin igrave",
"01ed":"Latin iacute",
"01ee":"Latin ihat",
"01ef":"Latin iumlaut",
"01f1":"Latin ntilde",
"01f2":"Latin ograve",
"01f3":"Latin oacute",
"01f4":"Latin ohat",
"01f5":"Latin otilde",
"01f6":"Latin oumlaut",
"01f9":"Latin ugrave",
"01fa":"Latin uacute",
"01fb":"Latin uhat",
"01fc":"Latin uumlaut",
"01fd":"Latin yacute",
"077c":"Latin Obar",
"077d":"Latin obar",
"07a0":"Latin Ubar",
"07a1":"Latin ubar",
"41c0":"Latin Agrave",
"41c1":"Latin Aacute",
"41c2":"Latin Ahat",
"41c3":"Latin Atilde",
"41c4":"Latin Aumlaut",
"41c5":"Latin Acirc",
"41c8":"Latin Egrave",
"41c9":"Latin Eacute",
"41ca":"Latin Ehat",
"41cb":"Latin Eumlaut",
"41cc":"Latin Igrave",
"41cd":"Latin Iacute",
"41ce":"Latin Ihat",
"41cf":"Latin Iumlaut",
"41d1":"Latin Ntilde",
"41d2":"Latin Ograve",
"41d3":"Latin Oacute",
"41d4":"Latin Ohat",
"41d5":"Latin Otilde",
"41d6":"Latin Oumlaut",
"41d9":"Latin Ugrave",
"41da":"Latin Uacute",
"41db":"Latin Ucirc",
"41dc":"Latin Uumlaut",
"41dd":"Latin Yacute",
"41df":"Latin ss",
"41e0":"Latin agrave",
"41e1":"Latin aacute",
"41e2":"Latin ahat",
"41e3":"Latin atilde",
"41e4":"Latin aumlaut",
"41e5":"Latin acirc",
"41e8":"Latin egrave",
"41e9":"Latin eacute",
"41ea":"Latin ehat",
"41eb":"Latin eumlaut",
"41ec":"Latin igrave",
"41ed":"Latin iacute",
"41ee":"Latin ihat",
"41ef":"Latin iumlaut",
"41f1":"Latin ntilde",
"41f2":"Latin ograve",
"41f3":"Latin oacute",
"41f4":"Latin ohat",
"41f5":"Latin otilde",
"41f6":"Latin oumlaut",
"41f9":"Latin ugrave",
"41fa":"Latin uacute",
"41fb":"Latin uhat",
"41fc":"Latin uumlaut",
"41fd":"Latin yacute",
"477c":"Latin Obar",
"477d":"Latin obar",
"47a0":"Latin Ubar",
"47a1":"Latin ubar",
"0243":"Greek Gamma",
"0244":"Greek Delta",
"0248":"Greek Theta",
"024b":"Greek Lambda",
"024e":"Greek Xi",
"0250":"Greek Pi",
"0252":"Greek Sigma",
"0254":"Greek Upsilon",
"0255":"Greek Phi",
"0257":"Greek Psi",
"0258":"Greek Omega",
"4261":"Greek alpha",
"4262":"Greek beta",
"4263":"Greek gamma",
"4264":"Greek delta",
"4265":"Greek epsilon",
"4266":"Greek zeta",
"4267":"Greek eta",
"4268":"Greek theta",
"4269":"Greek iota",
"426a":"Greek kappa",
"426b":"Greek lambda",
"426c":"Greek mu",
"426d":"Greek nu",
"426e":"Greek xi",
"4270":"Greek pi",
"4271":"Greek rho",
"4272":"Greek sigma",
"4273":"Greek tau",
"4274":"Greek upsilon",
"4275":"Greek phi",
"4276":"Greek chi",
"4277":"Greek psi",
"4278":"Greek omega",
"4279":"Greek varepsilon",
"427a":"Greek vartheta",
"427b":"Greek varpi",
"427c":"Greek varrho",
"427d":"Greek varsigma",
"427e":"Greek varphi",
"0341":"German A",
"0342":"German B",
"0343":"German C",
"0344":"German D",
"0345":"German E",
"0346":"German F",
"0347":"German G",
"0348":"German H",
"0349":"German I",
"034a":"German J",
"034b":"German K",
"034c":"German L",
"034d":"German M",
"034e":"German N",
"034f":"German O",
"0350":"German P",
"0351":"German Q",
"0352":"German R",
"0353":"German S",
"0354":"German T",
"0355":"German U",
"0356":"German V",
"0357":"German W",
"0358":"German X",
"0359":"German Y",
"035a":"German Z",
"0361":"German a",
"0362":"German b",
"0363":"German c",
"0364":"German d",
"0365":"German e",
"0366":"German f",
"0367":"German g",
"0368":"German h",
"0369":"German i",
"036a":"German j",
"036b":"German k",
"036c":"German l",
"036d":"German m",
"036e":"German n",
"036f":"German o",
"0370":"German p",
"0371":"German q",
"0372":"German r",
"0373":"German s",
"0374":"German t",
"0375":"German u",
"0376":"German v",
"0377":"German w",
"0378":"German x",
"0379":"German y",
"037a":"German z",
"0441":"Calligraphic A",
"0442":"Calligraphic B",
"0443":"Calligraphic C",
"0444":"Calligraphic D",
"0445":"Calligraphic E",
"0446":"Calligraphic F",
"0447":"Calligraphic G",
"0448":"Calligraphic H",
"0449":"Calligraphic I",
"044a":"Calligraphic J",
"044b":"Calligraphic K",
"044c":"Calligraphic L",
"044d":"Calligraphic M",
"044e":"Calligraphic N",
"044f":"Calligraphic O",
"0450":"Calligraphic P",
"0451":"Calligraphic Q",
"0452":"Calligraphic R",
"0453":"Calligraphic S",
"0454":"Calligraphic T",
"0455":"Calligraphic U",
"0456":"Calligraphic V",
"0457":"Calligraphic W",
"0458":"Calligraphic X",
"0459":"Calligraphic Y",
"045a":"Calligraphic Z",
"0541":"Script A",
"0542":"Script B",
"0543":"Script C",
"0544":"Script D",
"0545":"Script E",
"0546":"Script F",
"0547":"Script G",
"0548":"Script H",
"0549":"Script I",
"054a":"Script J",
"054b":"Script K",
"054c":"Script L",
"054d":"Script M",
"054e":"Script N",
"054f":"Script O",
"0550":"Script P",
"0551":"Script Q",
"0552":"Script R",
"0553":"Script S",
"0554":"Script T",
"0555":"Script U",
"0556":"Script V",
"0557":"Script W",
"0558":"Script X",
"0559":"Script Y",
"055a":"Script Z",
"0841":"Bbb A",
"0842":"Bbb B",
"0843":"Bbb C",
"0844":"Bbb D",
"0845":"Bbb E",
"0846":"Bbb F",
"0847":"Bbb G",
"0848":"Bbb H",
"0849":"Bbb I",
"084a":"Bbb J",
"084b":"Bbb K",
"084c":"Bbb L",
"084d":"Bbb M",
"084e":"Bbb N",
"084f":"Bbb O",
"0850":"Bbb P",
"0851":"Bbb Q",
"0852":"Bbb R",
"0853":"Bbb S",
"0854":"Bbb T",
"0855":"Bbb U",
"0856":"Bbb V",
"0857":"Bbb W",
"0858":"Bbb X",
"0859":"Bbb Y",
"085a":"Bbb Z",
"1d3d":"=",
"1d3c":"<",
"1d3e":">",
"1d80":"RelativeOperator in",
"1d81":"RelativeOperator ni",
"1d82":"RelativeOperator subset",
"1d83":"RelativeOperator supset",
"1d84":"RelativeOperator Subset",
"1d85":"RelativeOperator Supset",
"1d86":"≤",
"1d87":"≥",
"1d88":"RelativeOperator leqq",
"1d89":"RelativeOperator geqq",
"1d8e":"RelativeOperator ll",
"1d8f":"RelativeOperator gg",
"1d90":"RelativeOperator equiv",
"1d91":"RelativeOperator doteqdot",
"1d92":"≠",
"1d93":"RelativeOperator notsubset",
"1d94":"RelativeOperator notsupset",
"1d95":"RelativeOperator notin",
"1d96":"RelativeOperator notni",
"1d97":"RelativeOperator sim",
"1d98":"RelativeOperator approx",
"1d99":"RelativeOperator simeq",
"1d9a":"RelativeOperator cong",
"1d9b":"RelativeOperator prec",
"1d9c":"RelativeOperator succ",
"1d9d":"RelativeOperator propto",
"1d9e":"RelativeOperator parallel",
"1d9f":"RelativeOperator perp",
"1da0":"RelativeOperator vdash",
"1da1":"RelativeOperator dashv",
"1da2":"RelativeOperator triangleleft",
"1da3":"RelativeOperator triangleright",
"1db0":"RelativeOperator risingdotseq",
"1db1":"RelativeOperator fallingdotseq",
"1db2":"RelativeOperator subseteq",
"1db3":"RelativeOperator supseteq",
"1db4":"RelativeOperator subseteqq",
"1db5":"RelativeOperator supseteqq",
"1db6":"RelativeOperator subsetnoteq",
"1db7":"RelativeOperator supsetnoteq",
"1db8":"RelativeOperator subsetnoteqq",
"1db9":"RelativeOperator supsetnoteqq",
"1dba":"RelativeOperator preceq",
"1dbb":"RelativeOperator succeq",
"1dbc":"RelativeOperator models",
"1dbd":"RelativeOperator notsimeq",
"1dbe":"RelativeOperator notleq",
"1dbf":"RelativeOperator notgeq",
"1dc0":"RelativeOperator notleqq",
"1dc1":"RelativeOperator notgeqq",
"1dc2":"RelativeOperator notequiv",
"1dc3":"RelativeOperator lessgtr",
"1dc4":"RelativeOperator gtrless",
"1dc5":"RelativeOperator notcong",
"1dc6":"RelativeOperator varpitchfork",
"1dc7":"RelativeOperator lessapprox",
"1dc8":"RelativeOperator gtrapprox",
"1dc9":"RelativeOperator smile",
"1dca":"RelativeOperator frown",
"1dcb":"RelativeOperator asymp",
"1dcc":"RelativeOperator nmid",
"1c26":"&",
"1c2a":"*",
"1c2b":"+",
"1c2d":"-",
"1c2f":"/",
"1c5c":"\\",
"1c80":"BinaryOperator pm",
"1c81":"BinaryOperator mp",
"1c82":"*",
"1c83":"÷",
"1c84":"+",
"1c85":"-",
"1c86":"*",
"1c87":"BinaryOperator cup",
"1c88":"BinaryOperator cap",
"1c89":"BinaryOperator vee",
"1c8a":"BinaryOperator wedge",
"1ca0":"BinaryOperator dotplus",
"1ca1":"BinaryOperator ltimes",
"1ca2":"BinaryOperator rtimes",
"1ca5":"BinaryOperator circ",
"1b80":"Arrow leftarrow",
"1b81":"Arrow rightarrow",
"1b82":"Arrow Leftarrow",
"1b83":"Arrow Rightarrow",
"1b84":"Arrow leftrightarrow",
"1b85":"Arrow Leftrightarrow",
"1b86":"Arrow uparrow",
"1b87":"Arrow downarrow",
"1b88":"Arrow Uparrow",
"1b89":"Arrow Downarrow",
"1b8a":"Arrow searrow",
"1b8b":"Arrow nearrow",
"1b8c":"Arrow swarrow",
"1b8d":"Arrow nwarrow",
"1b8e":"Arrow mapsto",
"1b8f":"Arrow hookrightarrow",
"1a80":"Accent acute",
"1a81":"Accent grave",
"1a82":"^",
"1a83":"~",
"1a84":"Accent check",
"1a85":"Accent breve",
"1a86":"Accent overline",
"1a8b":"Accent underline",
"1a87":"Accent dot",
"1a88":"Accent ddot",
"1a89":"Accent vec",
"1a8a":"Accent dddot",
"1a8c":"Accent ttilde",
"1a8d":"Accent mathring",
"197c":"Parenthesis vert",
"1980":"(",
"1981":")",
"1982":"{",
"1983":"}",
"1984":"[",
"1985":"]",
"1986":"Parenthesis ulcorner",
"1987":"Parenthesis urcorner",
"1988":"Parenthesis llcorner",
"1989":"Parenthesis lrcorner",
"19a0":"Parenthesis lfloor",
"19a1":"Parenthesis rfloor",
"19a2":"Parenthesis lceil",
"19a3":"Parenthesis rceil",
"19a4":"Parenthesis langle",
"19a5":"Parenthesis rangle",
"19a6":"Parenthesis norm",
"1821":"OtherSymbols exclamation",
"1823":"OtherSymbols sharp",
"1824":"OtherSymbols dollar",
"1825":"OtherSymbols parcent",
"183f":"?",
"1840":"OtherSymbols atmark",
"1853":"OtherSymbols yen",
"1881":"OtherSymbols infty",
"1882":"OtherSymbols partial",
"1883":"OtherSymbols nabla",
"1887":"OtherSymbols l",
"1888":"OtherSymbols hslash",
"1889":"OtherSymbols R",
"188a":"OtherSymbols I",
"188b":"OtherSymbols aleph",
"188c":"ø",
"188d":"OtherSymbols forall",
"188e":"OtherSymbols exists",
"188f":"OtherSymbols neg",
"1890":"OtherSymbols angle",
"1891":"OtherSymbols triangle",
"1892":"OtherSymbols square",
"1894":"OtherSymbols blacksquare",
"18a0":"OtherSymbols section",
"18a1":"OtherSymbols dagger",
"18a2":"OtherSymbols ddagger",
"18a3":"OtherSymbols KnuthP",
"18a4":"OtherSymbols flat",
"18a5":"OtherSymbols natural",
"18a6":"OtherSymbols copyright",
"18b0":"OtherSymbols wp",
"18b2":"OtherSymbols star",
"18b3":"OtherSymbols fbox",
"18b4":"OtherSymbols fcircle",
"18b6":"-",
"18b7":"OtherSymbols longHyphen",
"185f":"OtherSymbols lowline",
"18bb":"OtherSymbols hbar",
"0980":"Ligature ae",
"0981":"Ligature oe",
"0982":"Ligature ff",
"0983":"Ligature fi",
"0984":"Ligature fl",
"0985":"Ligature ffi",
"0986":"Ligature ffl",
"0987":"Ligature ft",
"0988":"Ligature fft",
"4980":"Ligature ae",
"4981":"Ligature oe",
"4982":"Ligature ff",
"4983":"Ligature fi",
"4984":"Ligature fl",
"4985":"Ligature ffi",
"4986":"Ligature ffl",
"4987":"Ligature ft",
"4988":"Ligature fft",
"1427":"Point SingleEndQuartation",
"1422":"Point DoubleEndQuartation",
"142c":",",
"142e":".",
"142f":"Point bullet",
"143a":":",
"143b":";",
"1460":"Point SingleBeginQuartation",
"1480":"Point DoubleBeginQuartation",
"1481":"Point circ",
"1482":"Point cdots",
"1483":"Point ldots",
"1484":"Point cdot",
"1485":"Point vdots",
"1486":"Point ddots",
"14b7":",",
"14b8":"Point doubleprime",
"14b9":"Point tripleprime",
"0a86":"FootnoteMark dagger",
"0a87":"FootnoteMark ddagger",
"0e80":"ControlCharacter Reject",
"0e81":"ControlCharacter Space"}
